家電兄弟 : 松下幸之助と井植歳男,¥540
本,¥800
日本のリーダー　第15巻　「世界を駆ける企業家」,¥550
リーダーシップ入門,¥330
松下幸之助の生き方 : 人生と経営77の原点,¥720
鮮やかに生きた昭和の100人(文藝春秋90周年記念2013.5臨時増刊),¥500
PHP道をひらく,¥330
PHP道をひらく,¥600
利益や売上げばかり考える人は、なぜ失敗してしまうのか : ドラッカー、松下幸之…,¥360
《1123》¥600→¥500,¥500
《1122》¥600→¥500,¥500
図解 マイナス思考からすぐに抜け出す9つの習慣,¥380
《1121》¥600→¥500,¥500
【ランクS】クロコダイル　長財布　【高品質】【ワンランク上】【開運】✨,¥60,600
松下幸之助「困難を乗り越えるリーダー」になれる7つのすごい!習慣 ,¥700,figcaption
非売品 松下幸之助 商いのこころ,¥5,800
松下幸之助の見方・考え方 : ビジネスの王道はこうして歩め! : 永久保存版,¥450
実践経営哲学 松下幸之助,¥3,000
すべてがうまくいく 素直な心が奇蹟を起こす,¥400
華麗なる一族 上、中、下　三冊全て（全巻です）山崎豊子,¥399
社員心得帖 松下幸之助 ビジネス 経営 MBA37,¥660
リーダーになる人に知っておいてほしいこと ,¥320,figcaption
ココ・シャネル凛として生きる言葉、ココ シャネル　女を磨く言葉,¥499
非売品 美品 松下幸之助 額 素直 道 初心,¥5,000
道をひらく 松下幸之,¥300
働き始めた君に伝えたい「仕事の基本」,¥450
人を活かす経営,¥500
幸之助論 : 「経営の神様」松下幸之助の物語,¥880
素直な心になるために,¥590
現場で闘うリーダーに知っておいてほしいこと,¥690
リーダーになる人に知っておいてほしいこと,¥690
大切なこと＆だいじょうぶたいしたことないから＆あなたになるための48の権利,¥666
道をひらく　　リーダーになる人に知っておいてほしいこと　松下幸之助　2冊,¥999
松下幸之助　「心得帖」　2冊セット,¥580
TAKA様専用！①PHP道をひらく②指導者の条件③素直に心になるために ,¥700,figcaption
心はいつもここにある : 松下幸之助随聞録,¥300
素直な心になるために,¥320
PHP道をひらく,¥330
PHP道をひらく,¥330
PHP道をひらく,¥455
PHP道をひらく,¥330
思うまま,¥400
経営者100の言葉,¥350
リーダーになる人に知っておいてほしいこと,¥320
PHP道をひらく,¥330
道は無限にある,¥450
心をひらく = The Open Heart : あなたの人生を変える松下幸之助,¥390
素直な心になるために,¥800
PHP道をひらく,¥400
素直な心になるために,¥300
PHP道をひらく,¥300
幸之助論 : 「経営の神様」松下幸之助の物語,¥840
松下幸之助 生き抜く力 仕事と人生の成功哲学を学ぶ,¥400
松下幸之助の直観力,¥520
PHP道をひらく,¥430
PHP道をひらく,¥400
女房役の心得 : 松下幸之助流お金の「教科書」,¥300
PHP道をひらく　ほか2冊セット,¥580
松下幸之助のことがマンガで3時間でわかる本,¥500
松下幸之助の流儀 : 一日本人としての生き方・考え方 : 『これからの日本人へ…,¥350
現場で闘うリーダーに知っておいてほしいこと,¥600
リーダーになる人に知っておいてほしいこと,¥400
鉄のあけぼの 上,¥500
鉄のあけぼの 下,¥500
PHP道をひらく ,¥310,figcaption
現代講談 松下幸之助、道をひらく、の二冊,¥680
リーダーになる人に知っておいてほしいこと,¥320
松下幸之助さんから教わったこと（非売品文庫本）,¥300
【金運】クロコダイル長財布【お金の色】【開運】【しっとり】,¥26,500
リーダーになる人に知っておいてほしいこと ,¥320,figcaption
松下幸之助 成功の金言365,¥950
明日への道をひらくヒント 人間•松下幸之助,¥490
社長になる人に知っておいてほしいこと　他2冊,¥750
PHP道をひらく,¥450
松下幸之助日本を叱る : 天上界からの緊急メッセージ,¥780
【極上の風水財布】✨クロコダイル×ヘビ 長財布✨【金運】【富豪の色】,¥30,000
自己啓発本・脳トレ本等  22冊セット+2冊,¥2,222
人生と仕事について知っておいてほしいこと ,¥300,figcaption
思うまま,¥320
人生と仕事について知っておいてほしいこと,¥600
朝日ジュニアシリーズ　週刊マンガ　世界の偉人　全巻80巻セット,¥32,777
新書まとめ売り　20冊 ,¥1,800,figcaption
松下幸之助　２冊セット,¥500
決断の経営　松下幸之助,¥300
まんがでわかる松下幸之助の人生を拓く教え = Philosophy of Li…,¥450
今、松下幸之助ならどうする? : 危機・逆境を好機に変える成功法則,¥300
松下幸之助　明日への道をひらくヒント,¥300
松下幸之助創業の心　他2冊,¥330
事業は人なり : 私の人の見方・育て方,¥400
【ジャンク扱い✨】パナソニック　2021ビジネス手帳　B5版 ,¥500,figcaption
【新品‼️】パナソニック　2021ビジネス手帳　B5版,¥770
リーダーになる人に知っておいてほしいこと,¥480
指導者の条件,¥300
PHP道をひらく,¥330
PHP道をひらく ,¥330,figcaption
松下幸之助から未来のリーダーたちへ,¥300
【1冊200円‼︎格安】松下幸之助 文庫本4冊セット,¥800
江崎利一 菓子産業に新しい地平を拓いた天性のマーケター,¥1,510
すべてがうまくいく 素直な心が奇蹟を起こす,¥350
ジョブズvs.松下幸之助 : "言葉力"で人を動かす,¥300
10分で読める名作 6年生 ・ 10分で読める伝記 6年生 ,¥740,figcaption
松下幸之助の生き方 : 人生と経営77の原点,¥400
まんがでわかる　松下幸之助の人生を拓く教え&伊坂幸太郎　グラスホッパー,¥300
松下幸之助成功の法則,¥850
松下幸之助　崩れゆく日本をどう救うか,¥10,000
松下幸之助一日一話,¥580
実践経営哲学:松下幸之助/ 人は仕事で磨かれる / 鈴木敏文経営を語る3冊セット,¥530
人を活かす経営  松下幸之助,¥410
人生問答 上,¥440
人生問答 下,¥440
松下幸之助はなぜ成功したのか 人を活かす、経営を伸ばす,¥600
社長になる人に知っておいてほしいこと,¥470
リーダーになる人に知っておいてほしいこと,¥320
松下幸之助発言集ベストセレクション 第1巻 (商売は真剣勝負),¥1,540
素直な心になるために,¥320
松下幸之助パワーワード : 強いリーダーをつくる114の金言,¥320
指導者の条件,¥320
PHP道をひらく,¥450
単行本 松下グループのTA戦略 リクルート 松下幸之助 書籍,¥340
指導者の条件,¥600
《1111》,¥777
《1110》,¥777
私の行き方考え方 わが半生の記録,¥300
《1109》,¥777
PHP道をひらく　指導者の条件　セット,¥600
若さに贈る,¥350
PHP道をひらく　指導者の条件　セット,¥650
リーダーになる人に知っておいてほしいことI・Ⅱ  松下幸之助[述],¥800
PHP道をひらく ,¥450,figcaption
松下幸之助「仕事に役立つ」話,¥310
本を読んだ人だけがどんな時代も生き抜くことができる,¥300
美品！ 人間・松下幸之助 明日への道を開くヒント,¥300
